Source,Target,Direction_X_Y,Direction_Y_X,Library_Size,X_predicts_Y,Y_predicts_X
X1,X2,X1 → X2,X2 → X1,50.0,0.8446227999999998,0.8812198000000001
X1,X2,X1 → X2,X2 → X1,100.0,0.8902664000000001,0.9119985000000003
X1,X2,X1 → X2,X2 → X1,150.0,0.9084234999999999,0.9339701999999999
X1,X2,X1 → X2,X2 → X1,200.0,0.91046,0.9381959999999999
X1,X2,X1 → X2,X2 → X1,250.0,0.9116941,0.9412638
X1,X3,X1 → X3,X3 → X1,50.0,0.9308079,0.9585706
X1,X3,X1 → X3,X3 → X1,100.0,0.9780843,0.9825010999999999
X1,X3,X1 → X3,X3 → X1,150.0,0.9959712000000002,0.9977888
X1,X3,X1 → X3,X3 → X1,200.0,0.9976129000000001,0.9988415000000002
X1,X3,X1 → X3,X3 → X1,250.0,0.9978362999999999,0.9989514000000002
X1,X4,X1 → X4,X4 → X1,50.0,-0.030475699999999998,-0.0313199
X1,X4,X1 → X4,X4 → X1,100.0,-0.04321919999999999,-0.0499544
X1,X4,X1 → X4,X4 → X1,150.0,-0.05664980000000001,-0.0672234
X1,X4,X1 → X4,X4 → X1,200.0,-0.06466960000000001,-0.0798417
X1,X4,X1 → X4,X4 → X1,250.0,-0.07211849999999999,-0.09015959999999999
X2,X3,X2 → X3,X3 → X2,50.0,0.9408418000000001,0.9126236999999999
X2,X3,X2 → X3,X3 → X2,100.0,0.9321656999999999,0.9014998000000002
X2,X3,X2 → X3,X3 → X2,150.0,0.9452788000000001,0.9116942
X2,X3,X2 → X3,X3 → X2,200.0,0.9455849999999999,0.9120369
X2,X3,X2 → X3,X3 → X2,250.0,0.9464803,0.9129365
X2,X4,X2 → X4,X4 → X2,50.0,0.32616360000000005,0.0781165
X2,X4,X2 → X4,X4 → X2,100.0,0.3794324,0.0679982
X2,X4,X2 → X4,X4 → X2,150.0,0.4271145,0.0562088
X2,X4,X2 → X4,X4 → X2,200.0,0.4567163,0.048063899999999986
X2,X4,X2 → X4,X4 → X2,250.0,0.4800397,0.042287299999999986
X3,X4,X3 → X4,X4 → X3,50.0,-0.0261055,-0.03282589999999999
X3,X4,X3 → X4,X4 → X3,100.0,-0.0341763,-0.051083800000000006
X3,X4,X3 → X4,X4 → X3,150.0,-0.0412771,-0.069824
X3,X4,X3 → X4,X4 → X3,200.0,-0.042794099999999995,-0.08147919999999999
X3,X4,X3 → X4,X4 → X3,250.0,-0.04347240000000001,-0.09445410000000001
